COL,College,Conference,,
ALAM,Alabama A&M,SWAC,,
ALAU,Auburn,SEC,,
ALBI,AL-Birmingham,C-USA,,
ALBS,Birmingham Southern,SAA,,
ALFA,Faulkner University,OTHER,,
ALHU,Huntingdon College,INDEPENDENT,,
ALJA,Jacksonville St-Al,OHIO VALLEY,,
ALLI,West Alabama,GULF SOUTH,,
ALMI,Miles,SIAC,,
ALNO,North Alabama,GULF SOUTH,,
ALSM,Samford,SOUTHERN,,
ALSO,South Alabama,SUN BELT,,
ALST,Alabama St,SWAC,,
ALTR,Troy,SUN BELT,,
ALTU,Tuskegee,SIAC,,
ALUN,Alabama,SEC,,
ARCE,Central Arkansas,SOUTHLAND,,
ARHA,Harding,GREAT AMERICAN,,
ARHE,Henderson St,GREAT AMERICAN,,
ARHN,Hendrix,SAA,,
ARLY,Lyon College,Sooner Athletic Conference,,
ARMA,Southern Arkansas,GREAT AMERICAN,,
ARMO,Arkansas-Monticel,GREAT AMERICAN,,
AROU,Ouachita Baptist,GREAT AMERICAN,,
ARPB,Arkansas-Pinebluff,SWAC,,
ARST,Arkansas St,SUN BELT,,
ARTC,Arkansas Tech,GREAT AMERICAN,,
ARUN,Arkansas,SEC,,
AZCH,Arizona Christian,OTHER,,
AZNO,Northern Arizona,BIG SKY,,
AZOT,Ottawa-Arizona,Sooner Athletic Conference,,
AZST,Arizona St,PAC 12,,
AZUN,Arizona,PAC 12,,
CAAZ,Azusa Pacific,INDEPENDENT,,
CACC,Chapman,INDEPENDENT,,
CACM,Claremont-Mudd-Scripps,SCIAC,,
CADA,Cal-Davis,BIG SKY,,
CAFR,Fresno St,MWC,,
CALA,UCLA,PAC 12,,
CALU,Cal Lutheran,SCIAC,,
CALV,La Verne,SCIAC,,
CAOC,Occidental,SCIAC,,
CAPZ,Pomona-Pitzer,SCIAC,,
CARE,Redlands,SCIAC,,
CASA,Cal St-Sacramento,BIG SKY,,
CASC,USC,PAC 12,,
CASJ,San Jose St,MWC,,
CASL,Cal Poly St,BIG SKY,,
CASS,San Diego St,MWC,,
CAST,Stanford,PAC 12,,
CASU,San Diego,PIONEER,,
CAUN,California,PAC 12,,
CAWH,Whittier,SCIAC,,
CNAL,Alberta,CANADA WEST,,
CNBC,British Columbia,CANADA WEST,,
CNCR,Carleton-Cn,OUAA,,
CNGU,"Guelph, CN",OTHER,,
CNLV,Laval,CIAU,,
CNMC,Mcmaster,OTHER,,
CNMN,"Montreal, CN",OTHER,,
CNMT,Manitoba U,CANADA WEST,,
CNQU,Queens - Cn,OTHER,,
CNRG,Regina,CANADA WEST,,
CNSF,Simon Fraser,CANADA WEST,,
CNWI,Wilfrid Laurier,OUAA,,
CNWN,Windsor,OTHER,,
CNWO,Western Ontario,OUAA,,
COAD,Adams St,RMAC,,
COAF,Air Force,MWC,,
COFL,Fort Lewis,RMAC,,
COME,Colorado Mesa,RMAC,,
COMI,CO School of Mines,RMAC,,
CONO,Northern Colorado,BIG SKY,,
COSO,Colo St Pueblo,RMAC,,
COST,Colorado St,MWC,,
COUN,Colorado,PAC 12,,
COWE,Western St,RMAC,,
CTCE,Central Connecticut St,NORTHEAST,,
CTCG,Coast Guard,NEFC,,
CTNH,New Haven,NE10,,
CTSH,Sacred Heart,NORTHEAST,,
CTSO,Southern Connecticut St,NE10,,
CTTR,Trinity-Ct,MNECAC,,
CTUN,Connecticut,AAC,,
CTWE,Western Connecticut St,NJAC,,
CTWS,Wesleyan-Ct,NESCA,,
CTYA,Yale,IVY,,
DCCA,Catholic America,ODAC,,
DCGA,Gallaudet,INDEPENDENT,,
DCGT,Georgetown-Dc,PATRIOT,,
DCHO,Howard,MEAC,,
DEST,Delaware St,MEAC,,
DEUN,Delaware,CAA,,
DEWC,Wesley,ESAC,,
FLAM,Florida A&M,MEAC,,
FLAT,Florida Atlantic,C-USA,,
FLAV,Ave Maria,OTHER,,
FLBC,Bethune-Cookman,MEAC,,
FLCE,Central Florida,AAC,,
FLEW,Edward Waters,SAC,,
FLIN,Florida Int,C-USA,,
FLJA,Jacksonville-Fl,PIONEER,,
FLKE,Keiser,Sun Conference,,
FLMI,Miami-Fl,ACC,,
FLSE,Southeastern-Fl,OTHER,,
FLSO,South Florida,AAC,,
FLSS,Stetson,PIONEER,,
FLST,Florida St,ACC,,
FLTC,Florida Tech,OTHER,,
FLUN,Florida,SEC,,
FLWE,Webber International,FSC,,
FLWR,Warner,OTHER,,
FLWS,West Florida,Gulf South Conference,,
GAAL,Albany St-Ga,SIAC,,
GABE,Berry College,OTHER,,
GACL,Clark Atlanta,SIAC,,
GAFV,Fort Valley St,SIAC,,
GAKS,Kennesaw State University,BIG SOUTH,,
GALA,Lagrange,OTHER,,
GAME,Mercer,SOUTHERN,,
GAMH,Morehouse,SIAC,,
GAPT,Point University,OTHER,,
GARE,Reinhardt,OTHER,,
GASA,Savannah St,MEAC,,
GASH,Shorter,OTHER,,
GASO,Georgia Southern,SUN BELT,,
GAST,Georgia St,SUN BELT,,
GATC,Georgia Tech,ACC,,
GAUN,Georgia,SEC,,
GAVA,Valdosta St,GULF SOUTH,,
GAWG,West Georgia,GULF SOUTH,,
HIUN,Hawaii,MWC,,
IABC,Briar Cliff,OTHER,,
IABV,Buena Vista,IIAC,,
IACE,Central-Ia,IIAC,,
IACO,Coe,IIAC,,
IACR,Cornell-Ia,IIAC,,
IADO,Dordt,GREAT PLAINS,,
IADR,Drake,PIONEER,,
IADU,Dubuque,IIAC,,
IAGL,Graceland,HAAC,,
IAGN,Grinnell,MIDWEST,,
IAGV,Grand View,OTHER,,
IALO,Loras,IIAC,,
IALU,Luther,IIAC,,
IAMO,Morningside,GPAC,,
IANO,Northern Iowa,MISSOURI VALLEY,,
IANW,Northwestern-Ia,GREAT PLAINS,,
IASA,St Ambrose,MSFA,,
IASI,Simpson-Ia,IIAC,,
IAST,Iowa St,BIG 12,,
IAUN,Iowa,BIG 10,,
IAUP,Upper Iowa,NSIAC,,
IAWA,Wartburg,IIAC,,
IAWL,Waldorf,MIDWEST,,
IAWP,William Penn,MSFA,,
IAWS,Iowa Wesleyan,MIDWEST,,
IDBO,Boise St,MWC,,
IDCO,College Of Idaho,OTHER,,
IDST,Idaho St,BIG SKY,,
IDUN,Idaho,SUN BELT,,
ILAR,Aurora,NIIC,,
ILAU,Augustana-Il,CCIW,,
ILBE,Benedictine-Il,NIIC,,
ILCH,Chicago,UAA,,
ILCL,Illinois Col,MIDWEST,,
ILCT,Concordia-Il,NIIC,,
ILEA,Eastern Illinois,OHIO VALLEY,,
ILEL,Elmhurst,CCIW,,
ILEU,Eureka,ILL BAD,,
ILGV,Greenville,PCC,,
ILKN,Knox,MIDWEST,,
ILLB,Lindenwood-Belleville,OTHER,,
ILLF,Lake Forest,MIDWEST,,
ILMC,Macmurray,SLIAC,,
ILMI,Millikin,CCIW,,
ILMK,Mckendree,GLVC,,
ILMO,Monmouth-Il,OTHER,,
ILNC,North Central,CCIW,,
ILNO,Northern Illinois,MAC,,
ILNP,North Park,CCIW,,
ILNW,Northwestern,BIG 10,,
ILOL,Olivet Nazarene,MIDWEST,,
ILQU,Quincy,GLVC,,
ILRF,Rockford,NIIC,,
ILRM,Robert Morris-Il,OTHER,,
ILSF,St Francis-Il,CCAC,,
ILSO,Southern Illinois,MISSOURI VALLEY,,
ILST,Illinois St,MISSOURI VALLEY,,
ILSX,St Xavier,CCAC,,
ILTR,Trinity International,MSFA,,
ILUN,Illinois,BIG 10,,
ILWE,Western Illinois,MISSOURI VALLEY,,
ILWH,Wheaton,CCIW,,
ILWS,Illinois Wesleyan,CCIW,,
INAN,Anderson,HCAC,,
INBS,Ball St,MAC,,
INBU,Butler,PIONEER,,
INCE,Indianapolis,GLVC,,
INDE,Depauw,OTHER,,
INFR,Franklin,INDIANA CAC,,
INHA,Hanover,INDIANA CAC,,
INMA,Manchester,INDIANA CAC,,
INMC,Marian College,OTHER,,
INND,Notre Dame,INDEPENDENT,,
INPU,Purdue,BIG 10,,
INRH,Rose-Hulman Inst,COLLEGE ATHLETIC ASSOCIATION,,
INSF,St Francis-In,MID CENTRAL,,
INST,Indiana St,MISSOURI VALLEY,,
INTA,Taylor,MSFA,,
INTR,Trine,MIAA,,
INUN,Indiana,BIG 10,,
INVA,Valparaiso,PIONEER,,
INWA,Wabash,NCATH,,
INWS,Indiana Wesleyan,Crossroads League,,
KSBA,Baker,HAAC,,
KSBL,Bethel-Ks,KCAC,,
KSBN,Benedictine-Ks,HAMC,,
KSBY,Bethany-Ks,KCAC,,
KSFH,Fort Hays St,RMAC,,
KSFR,Friends,KCAC,,
KSMA,Midamerica Nazarene,HAMC,,
KSMC,Mcpherson,KCAC,,
KSOT,Ottawa,KCAC,,
KSPS,Pittsburg St-Ks,MAIAA,,
KSSG,Sterling,KCAC,,
KSSM,St Mary,KCAC,,
KSST,Kansas St,BIG 12,,
KSSW,Southwestern-Ks,KCAC,,
KSTA,Tabor,KCAC,,
KSTH,Emporia St,MAIAA,,
KSUN,Kansas,BIG 12,,
KSWA,Washburn,MAIAA,,
KSWS,Kansas Wesleyan,KCAC,,
KYCA,Campbellsville,MID SOUTH,,
KYCC,Cumberland-Ky,MID SOUTH,,
KYCH,Kentucky Christian,OTHER,,
KYCN,Centre,SAA,,
KYEA,Eastern Kentucky,OHIO VALLEY,,
KYGT,Georgetown-Ky,MID SOUTH,,
KYLO,Louisville,ACC,,
KYLW,Lindsey Wilson Col,MID SOUTH,,
KYMO,Morehead St,PIONEER,,
KYMU,Murray St,OHIO VALLEY,,
KYPV,Pikeville,MID SOUTH,,
KYST,Kentucky St,SIAC,,
KYTM,Thomas More,INDEPENDENT,,
KYUC,Union-Ky,MID SOUTH,,
KYUN,Kentucky,SEC,,
KYWE,Western Kentucky,C-USA,,
KYWS,Kentucky Wesleyan,GLVC,,
LAGR,Grambling,SWAC,,
LALC,Louisiana Col,ASWC,,
LAMC,Mcneese St,SOUTHLAND,,
LANE,Louisiana-Monroe,SUN BELT,,
LANI,Nicholls St-La,SOUTHLAND,,
LANW,Northwestern St,SOUTHLAND,,
LASE,SE Louisiana,SOUTHLAND,,
LASO,Southern A&M,SWAC,,
LAST,Louisiana St,SEC,,
LASW,Louisiana-Lafayette,SUN BELT,,
LATC,Louisiana Tech,C-USA,,
LATU,Tulane,AAC,,
MAAI,American International,NE10,,
MAAM,Amherst,NESCAC,,
MAAN,Anna Maria,OTHER,,
MAAS,Assumption,NE10,,
MABC,Boston College,ACC,,
MABE,Bentley,NE10,,
MABK,Becker College,OTHER,,
MABR,Bridgewater St-Ma,MASCAC,,
MACU,Curry,NEFC,,
MADE,Dean,CSAC,,
MAEN,Endicott,NEFC,,
MAFI,Fitchburg St,MASCAC,,
MAFR,Framingham St,MASCAC,,
MAHA,Harvard,IVY,,
MAHC,Holy Cross,PATRIOT,,
MAMA,Massachusetts Maritime,MASCAC,,
MAMK,Merrimack,NE10,,
MANI,Nichols-Ma,NEFC,,
MASE,Massachusetts-Dartmouth,MASCAC,,
MASP,Springfield,EMPIRE 8,,
MAST,Stonehill,NE10,,
MATC,Massachusetts Inst Tech,NEFC,,
MATU,Tufts,NESCAC,,
MAUN,UMass,MAC,,
MAWE,Western New England,NEFC,,
MAWF,Westfield St,MASCAC,,
MAWI,Williams,NESCAC,,
MAWP,Worcester Polytech,LIBERTY,,
MAWS,Worcester St,MSCAC,,
MDBO,Bowie St,CENTRAL INTERCOLLEGIATE,,
MDFR,Frostburg St,CAPITAL ATHLETIC,,
MDJH,Johns Hopkins,CENTENNIAL,,
MDMO,Morgan St,MEAC,,
MDNA,Naval Academy,AAC,,
MDSA,Salisbury,CAPITAL ATHLETIC,,
MDSN,Stevenson,CAPITAL ATHLETIC,,
MDTO,Towson,CAA,,
MDUN,Maryland,BIG 10,,
MDWE,Mcdaniel,CENTENNIAL,,
MEBA,Bates,NESCAC,,
MEBO,Bowdoin,NESCAC,,
MECO,Colby,NESCAC,,
MEHU,Husson,ECAC,,
MEMA,Maine Maritime,NEFC,,
MENE,New England,Commonwealth Coast Conference,,
MEUN,Maine,CAA,,
MIAB,Albion,MIAA,,
MIAD,Adrian,MIAA,,
MIAM,Alma,MIAA,,
MICE,Central Michigan,MAC,,
MICO,Concordia-Mi,OTHER,,
MIDA,Davenport,Great Lakes Intercollegiate Athletic Conference,,
MIEA,Eastern Michigan,MAC,,
MIFE,Ferris St,GLIAC,,
MIFI,Finlandia,MIAA,,
MIGV,Grand Valley St,GLIAC,,
MIHI,Hillsdale,GLIAC,,
MIHO,Hope,MIAA,,
MIKA,Kalamazoo,MIAA,,
MINO,Northern Michigan,GLIAC,,
MINW,Northwood,GLIAC,,
MIOL,Olivet,MIAA,,
MISH,Siena Heights,OTHER,,
MIST,Michigan St,BIG 10,,
MISV,Saginaw Valley St,GLIAC,,
MITC,Michigan Tech,GLIAC,,
MIUN,Michigan,BIG 10,,
MIWA,Wayne St-Mi,GLIAC,,
MIWE,Western Michigan,MAC,,
MNAV,Augsburg,MIAC,,
MNBM,Bemidji St,NSIAC,,
MNBT,Bethel-Mn,MIAC,,
MNCA,Carleton-Mn,MIAC,,
MNCO,Concordia-Mn,MIAC,,
MNCR,Minnesota-Crookston,NSIAC,,
MNDU,Minnesota-Duluth,NCIAC,,
MNGA,Gustavus Adolphus,MIAC,,
MNHA,Hamline,MIAC,,
MNMA,MN St-Mankato,NCIAC,,
MNMC,Macalester,INDEPENDENT,,
MNMH,Moorhead St,NSIAC,,
MNML,Martin Luther,UMAC,,
MNMS,Minnesota-Morris,UMAC,,
MNNW,Northwestern-Mn,UMAC,,
MNPB,Crown,UMAC,,
MNSC,St Cloud St,NCIAC,,
MNSJ,St John'S-Mn,MIAC,,
MNSO,St Olaf,MIAC,,
MNSP,Concordia-Sp,NSIAC,,
MNSS,St Scholastica,UMAC,,
MNST,St Thomas,MIAC,,
MNSW,Southwest Mn St,NSIAC,,
MNUN,Minnesota,BIG 10,,
MNWI,Winona St,NSIAC,,
MOAV,Avila,HAMC,,
MOBP,Missouri Baptist,OTHER,,
MOCE,Central Missouri St,MAIAA,,
MOCM,Central Methodist,HAAC,,
MOCS,Culver-Stockton,HAMC,,
MOEV,Evangel,HAMC,,
MOLN,Lincoln,INDEPENDENT,,
MOLW,Lindenwood,OTHER,,
MONE,Truman St,GLVC,,
MONW,Northwest Missouri St,MAIAA,,
MORO,Missouri Science & Tech,GLVC,,
MOSB,Southwest Baptist,MAIAA,,
MOSE,Southeast Missouri St,OHIO VALLEY,,
MOSO,Missouri Southern St,MAIAA,,
MOSW,Missouri St,MISSOURI VALLEY,,
MOUN,Missouri,SEC,,
MOVA,Missouri Valley,HAAC,,
MOWA,Washington-Mo,UAA,,
MOWE,Missouri Western St,MAIAA,,
MOWJ,William Jewell,GLVC,,
MOWM,Westminster-Mo,SLIAC,,
MSAL,Alcorn St,SWAC,,
MSBH,Belhaven,GULF COAST,,
MSCO,Mississippi Col,ASWC,,
MSDE,Delta St,GULF SOUTH,,
MSJA,Jackson St,SWAC,,
MSMI,Millsaps,SAA,,
MSSO,Southern Miss,C-USA,,
MSST,Mississippi St,SEC,,
MSUN,Mississippi,SEC,,
MSVA,Mississippi Valley St,SWAC,,
MTCA,Carroll-Mt,FRONTIER,,
MTCL,Montana Tech,FRONTIER,,
MTRM,Rocky Mountain,FRONTIER,,
MTSN,Montana St-Northern,FRONTIER,,
MTST,Montana St,BIG SKY,,
MTUN,Montana,BIG SKY,,
MTWE,Western Montana,FRONTIER,,
NA,Not on a Team,OTHER,,
NCAN,St Andrews,MID-SOUTH,,
NCAP,Appalachian St,SUN BELT,,
NCAT,North Carolina A&T,MEAC,,
NCBR,Brevard,OTHER,,
NCCA,Catawba,SAC,,
NCCE,NC Central,MEAC,,
NCCH,Chowan,CENTRAL INTERCOLLEGIATE,,
NCCM,Campbell,PIONEER,,
NCCR,North Carolina - Charlotte,C-USA,,
NCDA,Davidson,PIONEER,,
NCDU,Duke,ACC,,
NCEA,East Carolina,AAC,,
NCEC,Elizabeth City St,CENTRAL INTERCOLLEGIATE,,
NCEL,Elon,CAA,,
NCFA,Fayetteville St,CENTRAL INTERCOLLEGIATE,,
NCGR,Greensboro,USA SAC,,
NCGU,Guilford,ODAC,,
NCGW,Gardner-Webb,BIG SOUTH,,
NCJC,Johnson C Smith,CENTRAL INTERCOLLEGIATE,,
NCLI,Livingstone,CENTRAL INTERCOLLEGIATE,,
NCLR,Lenoir-Rhyne,SAC,,
NCME,Methodist,DIAC,,
NCMH,Mars Hill,SAC,,
NCPM,North Carolina - Pembroke,OTHER,,
NCSA,St Augustine,CENTRAL INTERCOLLEGIATE,,
NCSH,Shaw,CENTRAL INTERCOLLEGIATE,,
NCST,North Carolina St,ACC,,
NCUN,North Carolina,ACC,,
NCWC,North Carolina Wesleyan,USA SAC,,
NCWE,Western Carolina,SOUTHERN,,
NCWF,Wake Forest,ACC,,
NCWI,Wingate,SAC,,
NCWS,Winston-Salem St,CENTRAL INTERCOLLEGIATE,,
NDDI,Dickinson St-Nd,DAC 10,,
NDJA,Jamestown,DAC 10,,
NDMA,Mayville St,DAC 10,,
NDMI,Minot St,DAC 10,,
NDMY,Mary,DAC 10,,
NDST,North Dakota St,MISSOURI VALLEY,,
NDTB,Trinity Bible,NAC,,
NDUN,North Dakota,BIG SKY,,
NDVA,Valley Cty St,DAC 10,,
NECH,Chadron St,RMAC,,
NECO,Concordia-Ne,GPAC,,
NEDO,Doane,GPAC,,
NEHA,Hastings,GREAT PLAINS,,
NEKE,Nebraska-Kearney,RMAC,,
NELU,Midland Lutheran,GREAT PLAINS,,
NEPE,Peru St,CENTRAL STATES,,
NEUN,Nebraska,BIG 10,,
NEWA,Wayne St-Ne,NSIAC,,
NEWS,Nebraska Wesleyan,GREAT PLAINS,,
NHDA,Dartmouth,IVY,,
NHPL,Plymouth St,ECAC,,
NHSA,St Anselm,NE10,,
NHUN,New Hampshire,CAA,,
NJFD,Fairleigh Dickinson,NORTHEAST,,
NJGL,Rowan,NJAC,,
NJKE,Kean,NJAC,,
NJMC,Montclair St,NJAC,,
NJMO,Monmouth-Nj,BIG SOUTH,,
NJPR,Princeton,IVY,,
NJRU,Rutgers,BIG 10,,
NJTR,Col Of New Jersey,NJAC,,
NJWP,William Paterson,NJAC,,
NMEA,Eastern New Mexico,LONE STAR,,
NMHI,New Mexico Highlands,RMAC,,
NMST,New Mexico St,SUN BELT,,
NMUN,New Mexico,MWC,,
NMWE,Western New Mexico,RMAC,,
NVLV,UNLV,MWC,,
NVRE,Nevada,MWC,,
NYAB,New York St-Albany,CAA,,
NYAF,Alfred,EMPIRE 8,,
NYAL,Alfred St,OTHER,,
NYBC,Buffalo St,NJAC,,
NYBP,Brockport St,NJAC,,
NYBU,Buffalo,MAC,,
NYCG,Colgate,PATRIOT,,
NYCL,Columbia,IVY,,
NYCN,Cornell-Ny,IVY,,
NYCT,Cortland St,NJAC,,
NYCW,CW Post,NE10,,
NYFO,Fordham,PATRIOT,,
NYHA,Hamilton,NESCAC,,
NYHB,Hobart,LIBERTY,,
NYHW,Hartwick,EMPIRE 8,,
NYIT,Ithaca,EMPIRE 8,,
NYJF,St John Fisher,EMPIRE 8,,
NYMA,New York Maritime,OTHER,,
NYMM,Merchant Marine,FREEDOM,,
NYMO,Morrisville,OTHER,,
NYMR,Marist,PIONEER,,
NYPA,Pace,NE10,,
NYRE,Rensselaer Polytech,LIBERTY,,
NYRU,Rochester,UAA,,
NYSL,St Lawrence,LIBERTY,,
NYST,Stony Brook,CAA,,
NYSY,Syracuse,ACC,,
NYUN,Union-Ny,LIBERTY,,
NYUT,Utica Col,OTHER,,
NYWA,Wagner,NORTHEAST,,
NYWP,Army,INDEPENDENT,,
OHAK,Akron,MAC,,
OHAS,Ashland,GLIAC,,
OHBG,Bowling Green,MAC,,
OHBL,Bluffton,HCAC,,
OHBW,Baldwin-Wallace,OAC,,
OHCC,Cincinnati Christian,River States Conference,,
OHCE,Central St,OTHER,,
OHCI,Cincinnati,AAC,,
OHCU,Capital,OAC,,
OHCW,Case Western Reserve,NCATH,,
OHDA,Dayton,PIONEER,,
OHDF,Defiance,AMC,,
OHDN,Denison,NCATH,,
OHDO,Ohio Dominican,OTHER,,
OHFI,Findlay,GLIAC,,
OHHE,Heidelberg,OAC,,
OHHI,Hiram,OAC,,
OHJC,John Carroll,OAC,,
OHKE,Kenyon,NCATH,,
OHKS,Kent St,MAC,,
OHLE,Lake Erie,OTHER,,
OHMA,Marietta,OAC,,
OHMI,Miami-Oh,MAC,,
OHMS,Muskingum,OAC,,
OHMT,Mt Union,OAC,,
OHND,Notre Dame Col (Oh),MOUNTAIN EAST,,
OHNO,Ohio Northern,OAC,,
OHOB,Oberlin,NCATH,,
OHOT,Otterbein,OAC,,
OHSJ,Mt Saint Joseph,HCAC,,
OHST,Ohio St,BIG 10,,
OHTI,Tiffin,GLIAC,,
OHTO,Toledo,MAC,,
OHUN,Ohio,MAC,,
OHUR,Urbana-Oh,MID OHIO,,
OHWA,Walsh,MID OHIO,,
OHWL,Wilmington-Oh,OAC,,
OHWO,Wooster,NCATH,,
OHWS,Ohio Wesleyan,NCATH,,
OHWT,Wittenberg,NCATH,,
OHYO,Youngstown,MISSOURI VALLEY,,
OKBP,Oklahoma Baptist,GREAT AMERICAN,,
OKCE,Central Oklahoma,LONE STAR,,
OKEC,East Central,GREAT AMERICAN,,
OKLA,Langston,OIC,,
OKNE,Northeastern Okla St,LONE STAR,,
OKNW,Northwestern Okla St,GREAT AMERICAN,,
OKPH,Panhandle St,INDEPENDENT,,
OKSE,Southeastern Okla St,GREAT AMERICAN,,
OKSN,Southern Nazarene,GREAT AMERICAN,,
OKST,Oklahoma St,BIG 12,,
OKSW,Southwestern Okla St,GREAT AMERICAN,,
OKTU,Tulsa,AAC,,
OKUN,Oklahoma,BIG 12,,
ORCL,Western Oregon,GREAT NORTHWEST,,
OREA,Eastern Oregon,INDEPENDENT,,
ORGF,George Fox,OTHER,,
ORLC,Lewis & Clark,NWCI,,
ORLI,Linfield,NWCI,,
ORPA,Pacific (Or),NWCI,,
ORPS,Portland St,BIG SKY,,
ORSO,Southern Oregon,INDEPENDENT,,
ORST,Oregon St,PAC 12,,
ORUN,Oregon,PAC 12,,
ORWI,Willamette,NWCI,,
PAAB,Albright,MID ATLANTIC,,
PAAG,Allegheny,NCATH,,
PAAV,Alvernia,MAC Commonwealth,,
PABL,Bloomsburg,PSAC,,
PABU,Bucknell,PATRIOT,,
PACA,Carnegie-Mellon,UAA,,
PACL,Clarion,PSAC,,
PACS,Cal U-Penn,PSAC,,
PADI,Dickinson-Pa,CENTENNIAL,,
PADU,Duquesne,NORTHEAST,,
PADV,Delaware Valley,MID ATLANTIC,,
PAED,Edinboro,PSAC,,
PAES,East Stroudsburg,PSAC,,
PAFM,Franklin & Marshall,CENTENNIAL,,
PAGA,Gannon,PSAC,,
PAGB,Gettysburg,CENTENNIAL,,
PAGC,Grove City,PAC,,
PAGN,Geneva,MSFA,,
PAIU,Indiana-Penn,PSAC,,
PAJU,Juniata,CENTENNIAL,,
PAKI,King'S,MID ATLANTIC,,
PAKU,Kutztown,PSAC,,
PALE,Lehigh,PATRIOT,,
PALF,Lafayette,PATRIOT,,
PALH,Lock Haven,PSAC,,
PALN,Lincoln-Pa,OTHER,,
PALV,Lebanon Valley,MID ATLANTIC,,
PALY,Lycoming,MID ATLANTIC,,
PAME,Mercyhurst,PSAC,,
PAMI,Millersville,PSAC,,
PAMO,Moravian,CENTENNIAL,,
PAMS,Misericordia,OTHER,,
PAMU,Muhlenberg,CENTENNIAL,,
PAPT,Pittsburgh,ACC,,
PARM,Robert Morris,NORTHEAST,,
PASE,Seton Hill,MSFA,,
PASF,St Francis-Pa,NORTHEAST,,
PASH,Shippensburg,PSAC,,
PASR,Slippery Rock,PSAC,,
PAST,Penn St,BIG 10,,
PASU,Susquehanna,CENTENNIAL,,
PASV,St Vincent Pa,OTHER,,
PATE,Temple,AAC,,
PATH,Thiel,PAC,,
PAUN,Penn,IVY,,
PAUR,Ursinus,CENTENNIAL,,
PAVI,Villanova,CAA,,
PAWB,Waynesburg,PAC,,
PAWC,West Chester,PSAC,,
PAWD,Widener,MID ATLANTIC,,
PAWJ,Washington & Jefferson,PAC,,
PAWL,Wilkes,MID ATLANTIC,,
PAWM,Westminster-Pa,PAC,,
RIBR,Brown,IVY,,
RIBT,Bryant,NORTHEAST,,
RISR,Salve Regina,CCI,,
RIUN,Rhode Island,CAA,,
SCBC,Benedict,SIAC,,
SCCC,Coastal Carolina,BIG SOUTH,,
SCCH,Charleston Southern,BIG SOUTH,,
SCCI,Citadel,SOUTHERN,,
SCCL,Clemson,ACC,,
SCFU,Furman,SOUTHERN,,
SCLC,Limestone College,OTHER,,
SCNE,Newberry,SAC,,
SCNG,North Greenville,INDEPENDENT,,
SCPR,Presbyterian,BIG SOUTH,,
SCST,South Carolina St,MEAC,,
SCUN,South Carolina,SEC,,
SCWO,Wofford,SOUTHERN,,
SDAU,Augustana-Sd,NCIAC,,
SDBH,Black Hills St,DAC 10,,
SDDS,Dakota St,DAC 10,,
SDMI,South Dakota School of Mines,OTHER,,
SDNO,Northern St,NSIAC,,
SDPR,Presentation,UMAC,,
SDSF,Sioux Falls,GREAT PLAINS,,
SDST,South Dakota St,MISSOURI VALLEY,,
SDVE,South Dakota,MISSOURI VALLEY,,
SDWS,Dakota Wesleyan,GPAC,,
TNAI,Tennessee St,OHIO VALLEY,,
TNAP,Austin Peay St,OHIO VALLEY,,
TNBC,Bethel-Tn,MID SOUTH,,
TNCC,Cumberland-Tn,MID SOUTH,,
TNCH,Tennessee-Chatt,SOUTHERN,,
TNCN,Carson-Newman,SAC,,
TNEA,East Tennessee St,INDEPENDENT,,
TNLA,Lane,SIAC,,
TNMA,Maryville,INDEPENDENT,,
TNMI,Middle Tenn St,C-USA,,
TNMR,Tennessee-Martin,OHIO VALLEY,,
TNMS,Memphis,AAC,,
TNSW,Rhodes,SAA,,
TNTC,Tennessee Tech,OHIO VALLEY,,
TNTU,Tusculum,SAC,,
TNUN,Tennessee,SEC,,
TNUS,Sewanee: Univ Of The South,SAA,,
TNVA,Vanderbilt,SEC,,
TXAC,Abilene Christian,SOUTHLAND,,
TXAI,Texas A&M-Kingsville,LONE STAR,,
TXAM,Texas A&M,SEC,,
TXAN,Angelo St,LONE STAR,,
TXAU,Austin Col,OTHER,,
TXBA,Baylor,BIG 12,,
TXBP,East Texas Baptist,ASWC,,
TXCL,Texas College,RED RIVER SAC,,
TXCU,Texas Christian,BIG 12,,
TXEA,Texas A&M-Commerce,LONE STAR,,
TXEP,UTEP,C-USA,,
TXHB,Mary Hardin-Baylor,ASWC,,
TXHO,Houston,AAC,,
TXHP,Howard Payne,INDEPENDENT,,
TXHS,Hardin-Simmons,INDEPENDENT,,
TXHT,Houston Baptist,SOUTHLAND,,
TXIW,Incarnate Word,SOUTHLAND,,
TXLA,Lamar,SOUTHLAND,,
TXLU,Texas Lutheran,ASWC,,
TXMC,McMurry,ASWC,,
TXMU,SMU,AAC,,
TXMW,Midwestern St,LONE STAR,,
TXNO,North Texas,C-USA,,
TXNV,Navarro,OTHER,,
TXPB,Texas-Permian Basin,LONE STAR,,
TXPV,Prairie View A&M,SWAC,,
TXRI,Rice,C-USA,,
TXSA,Southwest Assemblies,CSFL,,
TXSF,Stephen F Austin,SOUTHLAND,,
TXSH,Sam Houston St,SOUTHLAND,,
TXSN,TX-San Antonio,C-USA,,
TXSO,Texas Southern,SWAC,,
TXSR,Sul Ross St,INDEPENDENT,,
TXSU,Southwestern,OTHER,,
TXSW,Texas St,SUN BELT,,
TXTA,Tarleton St,LONE STAR,,
TXTC,Texas Tech,BIG 12,,
TXTR,Trinity-Tx,OTHER,,
TXUN,Texas,BIG 12,,
TXWB,WAYLAND BAPTIST,OTHER,,
TXWE,West Texas A&M,LONE STAR,,
TXWS,Texas Wesleyan,Sooner Athletic Conference,,
Unknown,Unknown,Unknown,,
UTBY,Brigham Young,INDEPENDENT,,
UTDX,Dixie,GREAT NORTHWEST,,
UTSO,Southern Utah,BIG SKY,,
UTST,Utah St,MWC,,
UTUN,Utah,PAC 12,,
UTWB,Weber St,BIG SKY,,
VAAV,Averett,USA SAC,,
VABL,Bluefield College,OTHER,,
VABR,Bridgewater-Va,ODAC,,
VACN,Christopher Newport,DIXIE,,
VACV,Virginia-Wise,MID SOUTH,,
VAEH,Emory & Henry,ODAC,,
VAFC,Ferrum,USA SAC,,
VAHI,Hampton,MEAC,,
VAHS,Hampden-Sydney,ODAC,,
VAJM,James Madison,CAA,,
VALB,Liberty,BIG SOUTH,,
VALY,Virginia-Lynchburg,OTHER,,
VAMI,Virginia Military Inst,SOUTHERN,,
VANN,Apprentice,INDEPENDENT,,
VANO,Norfolk St,MEAC,,
VAOD,Old Dominion,C-USA,,
VAPE,Virginia St,CENTRAL INTERCOLLEGIATE,,
VAPI,Virginia Tech,ACC,,
VARI,Richmond,CAA,,
VARM,Randolph-Macon,ODAC,,
VASI,Southern Virginia,INDEPENDENT,,
VASU,Shenandoah,DIXIE,,
VAUN,Virginia,ACC,,
VAVU,Virginia Union,CENTRAL INTERCOLLEGIATE,,
VAWL,Washington & Lee,ODAC,,
VAWM,William & Mary,CAA,,
VTCA,Castleton St,OTHER,,
VTMI,Middlebury,NESCAC,,
VTNO,Norwich,ECFC,,
WACE,Central Washington,GREAT NORTHWEST,,
WAEA,Eastern Washington,BIG SKY,,
WAPL,Pacific Lutheran,NWCI,,
WAPU,Puget Sound,NWCI,,
WAST,Washington St,PAC 12,,
WAUN,Washington,PAC 12,,
WAWW,Whitworth,NWCI,,
WIBE,Beloit,MIDWEST,,
WICC,Concordia-Wi,ILL BAD,,
WICG,Carthage,CCIW,,
WICL,Carroll-Wi,MIDWEST,,
WIEC,WI-Eau Claire,WIAC,,
WILC,WI-La Crosse,WIAC,,
WILK,Lakeland,ILL BAD,,
WILU,WI-Lutheran,LAKE MICHIGAN,,
WILW,Lawrence,MIDWEST,,
WIME,WI-Stout,WIAC,,
WIOS,WI-Oshkosh,WIAC,,
WIPL,WI-Platteville,WIAC,,
WIRF,WI-River Falls,WIAC,,
WIRI,Ripon,MIDWEST,,
WISN,St Norbert,MIDWEST,,
WISP,WI-Stevens Pt,WIAC,,
WIUN,Wisconsin,BIG 10,,
WIWH,WI-Whitewater,WIAC,,
WVAB,Alderson-Broaddus,OTHER,,
WVBE,Bethany-Wv,PAC,,
WVCH,Charleston,WVIAC,,
WVCO,Concord,WVIAC,,
WVFA,Fairmont St,WVIAC,,
WVGL,Glenville St,WVIAC,,
WVMA,Marshall,C-USA,,
WVSH,Shepherd,WVIAC,,
WVST,West Virginia St,WVIAC,,
WVUN,West Virginia,BIG 12,,
WVWE,West Virginia Wesleyan,WVIAC,,
WVWL,West Liberty St,WVIAC,,
WYUN,Wyoming,MWC,,
CASO,Sonoma State,,,
GAMB,Morris Brown,,,
NEOM,Nebraska Omaha,,,
CAMS,Mt San Antonio,,,
WAWL,Walla Walla CC,,,
NYHF,Hofstra,,,
AAAA,No College,,,
TNKN,Knoxville,,,
MSIT,Itawamba CC,,,
ILBU,Bradley,,,
CABA,Cal St-Bakersfield,,,
FLCC,Col of Central Florida,,,
CAME,Menlo,,,
CNCA,Calgary,,,
CNSH,Sherbrooke,,,
ALSL,Stillman,,,
MANE,Northeastern,,,
VASP,Saint Pauls,,,
CNCO,Concordia-Ca,,,
CAHU,Humboldt St,,,
CNFX,St Francis Xavier,,,
CAPA,Palomar,,,
COMS,Metropolitan St,,,
NOCL,No College,,,
CAIR,Irvine,,,
WIML,Wisconsin-Milwaukee,,,
CNMG,Mcgill,,,
NYCA,Canisius,,,
VACO,Virginia Commonwealth,,,
OHML,Malone,,,
MSNE,Northeast MS CC,,,